number,Nanoparticle,Coat,Diameter,Concentration,Zeta_potential,Cells,Human_Animal_cells,Cell_Source,Cell_morphology,tissue_source,Exposure_time,Test,Test_indicator,Biochemical_metric,Interference_checked,Colloidal_stability_checked,Positive_control,χ,∑x,No/∑x,NMetal,MW,Noxygen,q,Cell_viability
1,23,0,50,20,11.9,8,1,1,1,7,24,8,2,2,1,1,1,1.65,1.65,0.606060606,1,81.38,1,2,99.7233
2,23,0,50,40,11.9,8,1,1,1,7,24,8,2,2,1,1,1,1.65,1.65,0.606060606,1,81.38,1,2,91.0181
3,23,0,50,80,11.9,8,1,1,1,7,24,8,2,2,1,1,1,1.65,1.65,0.606060606,1,81.38,1,2,82.073
4,23,0,50,160,11.9,8,1,1,1,7,24,8,2,2,1,1,1,1.65,1.65,0.606060606,1,81.38,1,2,72.6116
5,23,0,50,320,11.9,8,1,1,1,7,24,8,2,2,1,1,1,1.65,1.65,0.606060606,1,81.38,1,2,61.2689
6,23,0,50,20,11.9,8,1,1,1,7,24,2,2,2,1,1,1,1.65,1.65,0.606060606,1,81.38,1,2,98.1174
7,23,0,50,40,11.9,8,1,1,1,7,24,2,2,2,1,1,1,1.65,1.65,0.606060606,1,81.38,1,2,90.2361
8,23,0,50,80,11.9,8,1,1,1,7,24,2,2,2,1,1,1,1.65,1.65,0.606060606,1,81.38,1,2,77.2176
9,23,0,50,160,11.9,8,1,1,1,7,24,2,2,2,1,1,1,1.65,1.65,0.606060606,1,81.38,1,2,71.3146
10,23,0,50,320,11.9,8,1,1,1,7,24,2,2,2,1,1,1,1.65,1.65,0.606060606,1,81.38,1,2,52.5207
11,23,0,50,20,11.9,8,1,1,1,7,48,8,2,2,1,1,1,1.65,1.65,0.606060606,1,81.38,1,2,76.2805
12,23,0,50,40,11.9,8,1,1,1,7,48,8,2,2,1,1,1,1.65,1.65,0.606060606,1,81.38,1,2,43.6874
13,23,0,50,80,11.9,8,1,1,1,7,48,8,2,2,1,1,1,1.65,1.65,0.606060606,1,81.38,1,2,34.5965
14,23,0,50,160,11.9,8,1,1,1,7,48,8,2,2,1,1,1,1.65,1.65,0.606060606,1,81.38,1,2,40.7012
15,23,0,50,320,11.9,8,1,1,1,7,48,8,2,2,1,1,1,1.65,1.65,0.606060606,1,81.38,1,2,30.2211
16,23,0,50,20,11.9,8,1,1,1,7,48,2,2,2,1,1,1,1.65,1.65,0.606060606,1,81.38,1,2,96.5129
17,23,0,50,40,11.9,8,1,1,1,7,48,2,2,2,1,1,1,1.65,1.65,0.606060606,1,81.38,1,2,67.2707
18,23,0,50,80,11.9,8,1,1,1,7,48,2,2,2,1,1,1,1.65,1.65,0.606060606,1,81.38,1,2,60.5986
19,23,0,50,16,11.9,8,1,1,1,7,48,2,2,2,1,1,1,1.65,1.65,0.606060606,1,81.38,1,2,52.3888
20,23,0,50,320,11.9,8,1,1,1,7,48,2,2,2,1,1,1,1.65,1.65,0.606060606,1,81.38,1,2,41.0763
21,23,0,50,20,11.9,2,1,1,1,2,24,8,2,2,1,1,1,1.65,1.65,0.606060606,1,81.38,1,2,74.025
22,23,0,50,40,11.9,2,1,1,1,2,24,8,2,2,1,1,1,1.65,1.65,0.606060606,1,81.38,1,2,73.662
23,23,0,50,80,11.9,2,1,1,1,2,24,8,2,2,1,1,1,1.65,1.65,0.606060606,1,81.38,1,2,46.349
24,23,0,50,160,11.9,2,1,1,1,2,24,8,2,2,1,1,1,1.65,1.65,0.606060606,1,81.38,1,2,31.4199
25,23,0,50,320,11.9,2,1,1,1,2,24,8,2,2,1,1,1,1.65,1.65,0.606060606,1,81.38,1,2,26.2789
26,23,0,50,20,11.9,2,1,1,1,2,24,2,2,2,1,1,1,1.65,1.65,0.606060606,1,81.38,1,2,85.1989
27,23,0,50,40,11.9,2,1,1,1,2,24,2,2,2,1,1,1,1.65,1.65,0.606060606,1,81.38,1,2,81.9606
28,23,0,50,80,11.9,2,1,1,1,2,24,2,2,2,1,1,1,1.65,1.65,0.606060606,1,81.38,1,2,42.2689
29,23,0,50,160,11.9,2,1,1,1,2,24,2,2,2,1,1,1,1.65,1.65,0.606060606,1,81.38,1,2,34.5477
30,23,0,50,320,11.9,2,1,1,1,2,24,2,2,2,1,1,1,1.65,1.65,0.606060606,1,81.38,1,2,32.5942
31,23,0,50,20,11.9,2,1,1,1,2,48,8,2,2,1,1,1,1.65,1.65,0.606060606,1,81.38,1,2,84.8924
32,23,0,50,40,11.9,2,1,1,1,2,48,8,2,2,1,1,1,1.65,1.65,0.606060606,1,81.38,1,2,60.3393
33,23,0,50,80,11.9,2,1,1,1,2,48,8,2,2,1,1,1,1.65,1.65,0.606060606,1,81.38,1,2,18.435
34,23,0,50,160,11.9,2,1,1,1,2,48,8,2,2,1,1,1,1.65,1.65,0.606060606,1,81.38,1,2,14.6518
35,23,0,50,320,11.9,2,1,1,1,2,48,8,2,2,1,1,1,1.65,1.65,0.606060606,1,81.38,1,2,14.5961
36,23,0,50,20,11.9,2,1,1,1,2,48,2,2,2,1,1,1,1.65,1.65,0.606060606,1,81.38,1,2,73.7924
37,23,0,50,40,11.9,2,1,1,1,2,48,2,2,2,1,1,1,1.65,1.65,0.606060606,1,81.38,1,2,54.6956
38,23,0,50,80,11.9,2,1,1,1,2,48,2,2,2,1,1,1,1.65,1.65,0.606060606,1,81.38,1,2,32.004
39,23,0,50,160,11.9,2,1,1,1,2,48,2,2,2,1,1,1,1.65,1.65,0.606060606,1,81.38,1,2,21.029
40,23,0,50,320,11.9,2,1,1,1,2,48,2,2,2,1,1,1,1.65,1.65,0.606060606,1,81.38,1,2,21.1862
41,6,0,300,2,5.3,8,1,1,1,7,24,8,2,2,1,1,1,1.96,1.96,0.510204082,1,128.409,1,2,97.381
42,6,0,300,4,5.3,8,1,1,1,7,24,8,2,2,1,1,1,1.96,1.96,0.510204082,1,128.409,1,2,107.3589
43,6,0,300,8,5.3,8,1,1,1,7,24,8,2,2,1,1,1,1.96,1.96,0.510204082,1,128.409,1,2,99.9816
44,6,0,300,16,5.3,8,1,1,1,7,24,8,2,2,1,1,1,1.96,1.96,0.510204082,1,128.409,1,2,97.7868
45,6,0,300,32,5.3,8,1,1,1,7,24,8,2,2,1,1,1,1.96,1.96,0.510204082,1,128.409,1,2,96.3113
46,6,0,300,2,5.3,8,1,1,1,7,24,2,2,2,1,1,1,1.96,1.96,0.510204082,1,128.409,1,2,95.1499
47,6,0,300,4,5.3,8,1,1,1,7,24,2,2,2,1,1,1,1.96,1.96,0.510204082,1,128.409,1,2,98.947
48,6,0,300,8,5.3,8,1,1,1,7,24,2,2,2,1,1,1,1.96,1.96,0.510204082,1,128.409,1,2,89.0874
49,6,0,300,16,5.3,8,1,1,1,7,24,2,2,2,1,1,1,1.96,1.96,0.510204082,1,128.409,1,2,97.4792
50,6,0,300,32,5.3,8,1,1,1,7,24,2,2,2,1,1,1,1.96,1.96,0.510204082,1,128.409,1,2,105.3287
51,6,0,300,2,5.3,8,1,1,1,7,48,8,2,2,1,1,1,1.96,1.96,0.510204082,1,128.409,1,2,95.5396
52,6,0,300,4,5.3,8,1,1,1,7,48,8,2,2,1,1,1,1.96,1.96,0.510204082,1,128.409,1,2,84.1996
53,6,0,300,8,5.3,8,1,1,1,7,48,8,2,2,1,1,1,1.96,1.96,0.510204082,1,128.409,1,2,124.0692
54,6,0,300,16,5.3,8,1,1,1,7,48,8,2,2,1,1,1,1.96,1.96,0.510204082,1,128.409,1,2,105.3959
55,6,0,300,32,5.3,8,1,1,1,7,48,8,2,2,1,1,1,1.96,1.96,0.510204082,1,128.409,1,2,119.8356
56,6,0,300,2,5.3,8,1,1,1,7,48,2,2,2,1,1,1,1.96,1.96,0.510204082,1,128.409,1,2,100.4393
57,6,0,300,4,5.3,8,1,1,1,7,48,2,2,2,1,1,1,1.96,1.96,0.510204082,1,128.409,1,2,91.9275
58,6,0,300,8,5.3,8,1,1,1,7,48,2,2,2,1,1,1,1.96,1.96,0.510204082,1,128.409,1,2,99.2037
59,6,0,300,16,5.3,8,1,1,1,7,48,2,2,2,1,1,1,1.96,1.96,0.510204082,1,128.409,1,2,100.8512
60,6,0,300,32,5.3,8,1,1,1,7,48,2,2,2,1,1,1,1.96,1.96,0.510204082,1,128.409,1,2,95.8265
61,6,0,300,2,5.3,2,1,1,1,2,24,8,2,2,1,1,1,1.96,1.96,0.510204082,1,128.409,1,2,87.6752
62,6,0,300,4,5.3,2,1,1,1,2,24,8,2,2,1,1,1,1.96,1.96,0.510204082,1,128.409,1,2,81.6056
63,6,0,300,8,5.3,2,1,1,1,2,24,8,2,2,1,1,1,1.96,1.96,0.510204082,1,128.409,1,2,86.9914
64,6,0,300,16,5.3,2,1,1,1,2,24,8,2,2,1,1,1,1.96,1.96,0.510204082,1,128.409,1,2,99.7383
65,6,0,300,32,5.3,2,1,1,1,2,24,8,2,2,1,1,1,1.96,1.96,0.510204082,1,128.409,1,2,85.8855
66,6,0,300,2,5.3,2,1,1,1,2,24,2,2,2,1,1,1,1.96,1.96,0.510204082,1,128.409,1,2,101.6191
67,6,0,300,4,5.3,2,1,1,1,2,24,2,2,2,1,1,1,1.96,1.96,0.510204082,1,128.409,1,2,93.3298
68,6,0,300,8,5.3,2,1,1,1,2,24,2,2,2,1,1,1,1.96,1.96,0.510204082,1,128.409,1,2,89.8451
69,6,0,300,16,5.3,2,1,1,1,2,24,2,2,2,1,1,1,1.96,1.96,0.510204082,1,128.409,1,2,101.8127
70,6,0,300,32,5.3,2,1,1,1,2,24,2,2,2,1,1,1,1.96,1.96,0.510204082,1,128.409,1,2,92.8194
71,6,0,300,2,5.3,2,1,1,1,2,48,8,2,2,1,1,1,1.96,1.96,0.510204082,1,128.409,1,2,101.1952
72,6,0,300,4,5.3,2,1,1,1,2,48,8,2,2,1,1,1,1.96,1.96,0.510204082,1,128.409,1,2,101.337
73,6,0,300,8,5.3,2,1,1,1,2,48,8,2,2,1,1,1,1.96,1.96,0.510204082,1,128.409,1,2,95.9331
74,6,0,300,16,5.3,2,1,1,1,2,48,8,2,2,1,1,1,1.96,1.96,0.510204082,1,128.409,1,2,101.0484
75,6,0,300,32,5.3,2,1,1,1,2,48,8,2,2,1,1,1,1.96,1.96,0.510204082,1,128.409,1,2,104.1023
76,6,0,300,2,5.3,2,1,1,1,2,48,2,2,2,1,1,1,1.96,1.96,0.510204082,1,128.409,1,2,89.4518
77,6,0,300,4,5.3,2,1,1,1,2,48,2,2,2,1,1,1,1.96,1.96,0.510204082,1,128.409,1,2,87.6095
78,6,0,300,8,5.3,2,1,1,1,2,48,2,2,2,1,1,1,1.96,1.96,0.510204082,1,128.409,1,2,88.9688
79,6,0,300,16,5.3,2,1,1,1,2,48,2,2,2,1,1,1,1.96,1.96,0.510204082,1,128.409,1,2,96.2368
80,6,0,300,32,5.3,2,1,1,1,2,48,2,2,2,1,1,1,1.96,1.96,0.510204082,1,128.409,1,2,93.552
81,10,0,20,5,-10.5,8,1,1,1,7,24,8,2,2,1,1,1,1.9,3.8,0.263157895,2,143.079,1,1,98.6167
82,10,0,20,10,-10.5,8,1,1,1,7,24,8,2,2,1,1,1,1.9,3.8,0.263157895,2,143.079,1,1,94.135
83,10,0,20,20,-10.5,8,1,1,1,7,24,8,2,2,1,1,1,1.9,3.8,0.263157895,2,143.079,1,1,98.9118
84,10,0,20,40,-10.5,8,1,1,1,7,24,8,2,2,1,1,1,1.9,3.8,0.263157895,2,143.079,1,1,87.8643
85,10,0,20,80,-10.5,8,1,1,1,7,24,8,2,2,1,1,1,1.9,3.8,0.263157895,2,143.079,1,1,90.0221
86,10,0,20,5,-10.5,8,1,1,1,7,24,2,2,2,1,1,1,1.9,3.8,0.263157895,2,143.079,1,1,85.7052
87,10,0,20,10,-10.5,8,1,1,1,7,24,2,2,2,1,1,1,1.9,3.8,0.263157895,2,143.079,1,1,93.9375
88,10,0,20,20,-10.5,8,1,1,1,7,24,2,2,2,1,1,1,1.9,3.8,0.263157895,2,143.079,1,1,91.6401
89,10,0,20,40,-10.5,8,1,1,1,7,24,2,2,2,1,1,1,1.9,3.8,0.263157895,2,143.079,1,1,106.3178
90,10,0,20,80,-10.5,8,1,1,1,7,24,2,2,2,1,1,1,1.9,3.8,0.263157895,2,143.079,1,1,93.1078
91,10,0,20,5,-10.5,8,1,1,1,7,48,8,2,2,1,1,1,1.9,3.8,0.263157895,2,143.079,1,1,104.7061
92,10,0,20,10,-10.5,8,1,1,1,7,48,8,2,2,1,1,1,1.9,3.8,0.263157895,2,143.079,1,1,97.4296
93,10,0,20,20,-10.5,8,1,1,1,7,48,8,2,2,1,1,1,1.9,3.8,0.263157895,2,143.079,1,1,119.9112
94,10,0,20,40,-10.5,8,1,1,1,7,48,8,2,2,1,1,1,1.9,3.8,0.263157895,2,143.079,1,1,100.7277
95,10,0,20,80,-10.5,8,1,1,1,7,48,8,2,2,1,1,1,1.9,3.8,0.263157895,2,143.079,1,1,103.1185
96,10,0,20,5,-10.5,8,1,1,1,7,48,2,2,2,1,1,1,1.9,3.8,0.263157895,2,143.079,1,1,86.4909
97,10,0,20,10,-10.5,8,1,1,1,7,48,2,2,2,1,1,1,1.9,3.8,0.263157895,2,143.079,1,1,90.1428
98,10,0,20,20,-10.5,8,1,1,1,7,48,2,2,2,1,1,1,1.9,3.8,0.263157895,2,143.079,1,1,93.1631
99,10,0,20,40,-10.5,8,1,1,1,7,48,2,2,2,1,1,1,1.9,3.8,0.263157895,2,143.079,1,1,82.894
100,10,0,20,80,-10.5,8,1,1,1,7,48,2,2,2,1,1,1,1.9,3.8,0.263157895,2,143.079,1,1,100.9885
101,10,0,20,5,-10.5,2,1,1,1,2,24,8,2,2,1,1,1,1.9,3.8,0.263157895,2,143.079,1,1,84.6699
102,10,0,20,10,-10.5,2,1,1,1,2,24,8,2,2,1,1,1,1.9,3.8,0.263157895,2,143.079,1,1,87.1265
103,10,0,20,20,-10.5,2,1,1,1,2,24,8,2,2,1,1,1,1.9,3.8,0.263157895,2,143.079,1,1,77.9504
104,10,0,20,40,-10.5,2,1,1,1,2,24,8,2,2,1,1,1,1.9,3.8,0.263157895,2,143.079,1,1,84.0621
105,10,0,20,80,-10.5,2,1,1,1,2,24,8,2,2,1,1,1,1.9,3.8,0.263157895,2,143.079,1,1,84.9992
106,10,0,20,5,-10.5,2,1,1,1,2,24,2,2,2,1,1,1,1.9,3.8,0.263157895,2,143.079,1,1,97.3601
107,10,0,20,10,-10.5,2,1,1,1,2,24,2,2,2,1,1,1,1.9,3.8,0.263157895,2,143.079,1,1,89.8979
108,10,0,20,20,-10.5,2,1,1,1,2,24,2,2,2,1,1,1,1.9,3.8,0.263157895,2,143.079,1,1,95.3889
109,10,0,20,40,-10.5,2,1,1,1,2,24,2,2,2,1,1,1,1.9,3.8,0.263157895,2,143.079,1,1,95.5297
110,10,0,20,80,-10.5,2,1,1,1,2,24,2,2,2,1,1,1,1.9,3.8,0.263157895,2,143.079,1,1,84.8469
111,10,0,20,5,-10.5,2,1,1,1,2,48,8,2,2,1,1,1,1.9,3.8,0.263157895,2,143.079,1,1,99.3213
112,10,0,20,10,-10.5,2,1,1,1,2,48,8,2,2,1,1,1,1.9,3.8,0.263157895,2,143.079,1,1,100.5014
113,10,0,20,20,-10.5,2,1,1,1,2,48,8,2,2,1,1,1,1.9,3.8,0.263157895,2,143.079,1,1,103.4439
114,10,0,20,40,-10.5,2,1,1,1,2,48,8,2,2,1,1,1,1.9,3.8,0.263157895,2,143.079,1,1,99.6303
115,10,0,20,80,-10.5,2,1,1,1,2,48,8,2,2,1,1,1,1.9,3.8,0.263157895,2,143.079,1,1,97.493
116,10,0,20,5,-10.5,2,1,1,1,2,48,2,2,2,1,1,1,1.9,3.8,0.263157895,2,143.079,1,1,119.5237
117,10,0,20,10,-10.5,2,1,1,1,2,48,2,2,2,1,1,1,1.9,3.8,0.263157895,2,143.079,1,1,92.9005
118,10,0,20,20,-10.5,2,1,1,1,2,48,2,2,2,1,1,1,1.9,3.8,0.263157895,2,143.079,1,1,87.6432
119,10,0,20,40,-10.5,2,1,1,1,2,48,2,2,2,1,1,1,1.9,3.8,0.263157895,2,143.079,1,1,93.4734
120,10,0,20,80,-10.5,2,1,1,1,2,48,2,2,2,1,1,1,1.9,3.8,0.263157895,2,143.079,1,1,90.4291
121,25,0,30,80,-0.404,8,1,1,1,7,24,8,2,2,1,1,1,1.12,1.12,0.892857143,1,172.1148,2,4,94.2457
122,25,0,30,160,-0.404,8,1,1,1,7,24,8,2,2,1,1,1,1.12,1.12,0.892857143,1,172.1148,2,4,94.7805
123,25,0,30,320,-0.404,8,1,1,1,7,24,8,2,2,1,1,1,1.12,1.12,0.892857143,1,172.1148,2,4,95.4445
124,25,0,30,640,-0.404,8,1,1,1,7,24,8,2,2,1,1,1,1.12,1.12,0.892857143,1,172.1148,2,4,87.2173
125,25,0,30,1280,-0.404,8,1,1,1,7,24,8,2,2,1,1,1,1.12,1.12,0.892857143,1,172.1148,2,4,105.6441
126,25,0,30,80,-0.404,8,1,1,1,7,24,2,2,2,1,1,1,1.12,1.12,0.892857143,1,172.1148,2,4,97.2559
127,25,0,30,160,-0.404,8,1,1,1,7,24,2,2,2,1,1,1,1.12,1.12,0.892857143,1,172.1148,2,4,95.9796
128,25,0,30,320,-0.404,8,1,1,1,7,24,2,2,2,1,1,1,1.12,1.12,0.892857143,1,172.1148,2,4,89.3746
129,25,0,30,640,-0.404,8,1,1,1,7,24,2,2,2,1,1,1,1.12,1.12,0.892857143,1,172.1148,2,4,100.0639
130,25,0,30,1280,-0.404,8,1,1,1,7,24,2,2,2,1,1,1,1.12,1.12,0.892857143,1,172.1148,2,4,98.6253
131,25,0,30,80,-0.404,8,1,1,1,7,48,8,2,2,1,1,1,1.12,1.12,0.892857143,1,172.1148,2,4,108.9303
132,25,0,30,160,-0.404,8,1,1,1,7,48,8,2,2,1,1,1,1.12,1.12,0.892857143,1,172.1148,2,4,105.0463
133,25,0,30,320,-0.404,8,1,1,1,7,48,8,2,2,1,1,1,1.12,1.12,0.892857143,1,172.1148,2,4,112.8615
134,25,0,30,640,-0.404,8,1,1,1,7,48,8,2,2,1,1,1,1.12,1.12,0.892857143,1,172.1148,2,4,153.181
135,25,0,30,1280,-0.404,8,1,1,1,7,48,8,2,2,1,1,1,1.12,1.12,0.892857143,1,172.1148,2,4,125.25
136,25,0,30,80,-0.404,8,1,1,1,7,48,2,2,2,1,1,1,1.12,1.12,0.892857143,1,172.1148,2,4,103.844
137,25,0,30,160,-0.404,8,1,1,1,7,48,2,2,2,1,1,1,1.12,1.12,0.892857143,1,172.1148,2,4,109.1708
138,25,0,30,320,-0.404,8,1,1,1,7,48,2,2,2,1,1,1,1.12,1.12,0.892857143,1,172.1148,2,4,93.3827
139,25,0,30,640,-0.404,8,1,1,1,7,48,2,2,2,1,1,1,1.12,1.12,0.892857143,1,172.1148,2,4,83.3999
140,25,0,30,1280,-0.404,8,1,1,1,7,48,2,2,2,1,1,1,1.12,1.12,0.892857143,1,172.1148,2,4,74.6435
141,25,0,30,80,-0.404,2,1,1,1,2,24,8,2,2,1,1,1,1.12,1.12,0.892857143,1,172.1148,2,4,86.105
142,25,0,30,160,-0.404,2,1,1,1,2,24,8,2,2,1,1,1,1.12,1.12,0.892857143,1,172.1148,2,4,90.081
143,25,0,30,320,-0.404,2,1,1,1,2,24,8,2,2,1,1,1,1.12,1.12,0.892857143,1,172.1148,2,4,89.8869
144,25,0,30,640,-0.404,2,1,1,1,2,24,8,2,2,1,1,1,1.12,1.12,0.892857143,1,172.1148,2,4,115.9974
145,25,0,30,1280,-0.404,2,1,1,1,2,24,8,2,2,1,1,1,1.12,1.12,0.892857143,1,172.1148,2,4,102.0919
146,25,0,30,80,-0.404,2,1,1,1,2,24,2,2,2,1,1,1,1.12,1.12,0.892857143,1,172.1148,2,4,84.6533
147,25,0,30,160,-0.404,2,1,1,1,2,24,2,2,2,1,1,1,1.12,1.12,0.892857143,1,172.1148,2,4,91.1123
148,25,0,30,320,-0.404,2,1,1,1,2,24,2,2,2,1,1,1,1.12,1.12,0.892857143,1,172.1148,2,4,86.8708
149,25,0,30,640,-0.404,2,1,1,1,2,24,2,2,2,1,1,1,1.12,1.12,0.892857143,1,172.1148,2,4,103.6058
150,25,0,30,1280,-0.404,2,1,1,1,2,24,2,2,2,1,1,1,1.12,1.12,0.892857143,1,172.1148,2,4,85.1874
151,25,0,30,80,-0.404,2,1,1,1,2,48,8,2,2,1,1,1,1.12,1.12,0.892857143,1,172.1148,2,4,104.5176
152,25,0,30,160,-0.404,2,1,1,1,2,48,8,2,2,1,1,1,1.12,1.12,0.892857143,1,172.1148,2,4,102.5525
153,25,0,30,320,-0.404,2,1,1,1,2,48,8,2,2,1,1,1,1.12,1.12,0.892857143,1,172.1148,2,4,101.6916
154,25,0,30,640,-0.404,2,1,1,1,2,48,8,2,2,1,1,1,1.12,1.12,0.892857143,1,172.1148,2,4,93.9128
155,25,0,30,1280,-0.404,2,1,1,1,2,48,8,2,2,1,1,1,1.12,1.12,0.892857143,1,172.1148,2,4,72.2547
156,25,0,30,80,-0.404,2,1,1,1,2,48,2,2,2,1,1,1,1.12,1.12,0.892857143,1,172.1148,2,4,90.3954
157,25,0,30,160,-0.404,2,1,1,1,2,48,2,2,2,1,1,1,1.12,1.12,0.892857143,1,172.1148,2,4,97.1579
158,25,0,30,320,-0.404,2,1,1,1,2,48,2,2,2,1,1,1,1.12,1.12,0.892857143,1,172.1148,2,4,121.1975
159,25,0,30,640,-0.404,2,1,1,1,2,48,2,2,2,1,1,1,1.12,1.12,0.892857143,1,172.1148,2,4,98.4458
160,25,0,30,1280,-0.404,2,1,1,1,2,48,2,2,2,1,1,1,1.12,1.12,0.892857143,1,172.1148,2,4,56.2847
161,26,0,50,0.3,-2.24,8,1,1,1,7,24,8,2,2,1,1,1,1.24,2.48,1.2096774,2,382.52,3,3,105.2311
162,26,0,50,3,-2.24,8,1,1,1,7,24,8,2,2,1,1,1,1.24,2.48,1.2096774,2,382.52,3,3,88.9086
163,26,0,50,30,-2.24,8,1,1,1,7,24,8,2,2,1,1,1,1.24,2.48,1.2096774,2,382.52,3,3,82.0256
164,26,0,50,300,-2.24,8,1,1,1,7,24,8,2,2,1,1,1,1.24,2.48,1.2096774,2,382.52,3,3,90.265
165,26,0,50,3000,-2.24,8,1,1,1,7,24,8,2,2,1,1,1,1.24,2.48,1.2096774,2,382.52,3,3,68.3382
166,26,0,50,0.3,-2.24,8,1,1,1,7,24,2,2,2,1,1,1,1.24,2.48,1.2096774,2,382.52,3,3,110.1982
167,26,0,50,3,-2.24,8,1,1,1,7,24,2,2,2,1,1,1,1.24,2.48,1.2096774,2,382.52,3,3,114.6419
168,26,0,50,30,-2.24,8,1,1,1,7,24,2,2,2,1,1,1,1.24,2.48,1.2096774,2,382.52,3,3,95.9079
169,26,0,50,300,-2.24,8,1,1,1,7,24,2,2,2,1,1,1,1.24,2.48,1.2096774,2,382.52,3,3,104.4118
170,26,0,50,3000,-2.24,8,1,1,1,7,24,2,2,2,1,1,1,1.24,2.48,1.2096774,2,382.52,3,3,91.5921
171,26,0,50,0.3,-2.24,8,1,1,1,7,48,8,2,2,1,1,1,1.24,2.48,1.2096774,2,382.52,3,3,160.7406
172,26,0,50,3,-2.24,8,1,1,1,7,48,8,2,2,1,1,1,1.24,2.48,1.2096774,2,382.52,3,3,191.7372
173,26,0,50,30,-2.24,8,1,1,1,7,48,8,2,2,1,1,1,1.24,2.48,1.2096774,2,382.52,3,3,178.409
174,26,0,50,300,-2.24,8,1,1,1,7,48,8,2,2,1,1,1,1.24,2.48,1.2096774,2,382.52,3,3,152.7634
175,26,0,50,3000,-2.24,8,1,1,1,7,48,8,2,2,1,1,1,1.24,2.48,1.2096774,2,382.52,3,3,121.7668
176,26,0,50,0.3,-2.24,8,1,1,1,7,48,2,2,2,1,1,1,1.24,2.48,1.2096774,2,382.52,3,3,100.7416
177,26,0,50,3,-2.24,8,1,1,1,7,48,2,2,2,1,1,1,1.24,2.48,1.2096774,2,382.52,3,3,90.0742
178,26,0,50,30,-2.24,8,1,1,1,7,48,2,2,2,1,1,1,1.24,2.48,1.2096774,2,382.52,3,3,104.2499
179,26,0,50,300,-2.24,8,1,1,1,7,48,2,2,2,1,1,1,1.24,2.48,1.2096774,2,382.52,3,3,100.8272
180,26,0,50,3000,-2.24,8,1,1,1,7,48,2,2,2,1,1,1,1.24,2.48,1.2096774,2,382.52,3,3,80.9755
181,26,0,50,0.3,-2.24,2,1,1,1,2,24,8,2,2,1,1,1,1.24,2.48,1.2096774,2,382.52,3,3,101.8211
182,26,0,50,3,-2.24,2,1,1,1,2,24,8,2,2,1,1,1,1.24,2.48,1.2096774,2,382.52,3,3,114.0082
183,26,0,50,30,-2.24,2,1,1,1,2,24,8,2,2,1,1,1,1.24,2.48,1.2096774,2,382.52,3,3,97.6746
184,26,0,50,300,-2.24,2,1,1,1,2,24,8,2,2,1,1,1,1.24,2.48,1.2096774,2,382.52,3,3,99.5611
185,26,0,50,3000,-2.24,2,1,1,1,2,24,8,2,2,1,1,1,1.24,2.48,1.2096774,2,382.52,3,3,76.0086
186,26,0,50,0.3,-2.24,2,1,1,1,2,24,2,2,2,1,1,1,1.24,2.48,1.2096774,2,382.52,3,3,108.8506
187,26,0,50,3,-2.24,2,1,1,1,2,24,2,2,2,1,1,1,1.24,2.48,1.2096774,2,382.52,3,3,108.9941
188,26,0,50,30,-2.24,2,1,1,1,2,24,2,2,2,1,1,1,1.24,2.48,1.2096774,2,382.52,3,3,100.1434
189,26,0,50,300,-2.24,2,1,1,1,2,24,2,2,2,1,1,1,1.24,2.48,1.2096774,2,382.52,3,3,114.4028
190,26,0,50,3000,-2.24,2,1,1,1,2,24,2,2,2,1,1,1,1.24,2.48,1.2096774,2,382.52,3,3,82.5241
191,26,0,50,0.3,-2.24,2,1,1,1,2,48,8,2,2,1,1,1,1.24,2.48,1.2096774,2,382.52,3,3,101.7566
192,26,0,50,3,-2.24,2,1,1,1,2,48,8,2,2,1,1,1,1.24,2.48,1.2096774,2,382.52,3,3,106.7675
193,26,0,50,30,-2.24,2,1,1,1,2,48,8,2,2,1,1,1,1.24,2.48,1.2096774,2,382.52,3,3,97.3448
194,26,0,50,300,-2.24,2,1,1,1,2,48,8,2,2,1,1,1,1.24,2.48,1.2096774,2,382.52,3,3,96.5781
195,26,0,50,3000,-2.24,2,1,1,1,2,48,8,2,2,1,1,1,1.24,2.48,1.2096774,2,382.52,3,3,67.6144
196,26,0,50,0.3,-2.24,2,1,1,1,2,48,2,2,2,1,1,1,1.24,2.48,1.2096774,2,382.52,3,3,106.2909
197,26,0,50,3,-2.24,2,1,1,1,2,48,2,2,2,1,1,1,1.24,2.48,1.2096774,2,382.52,3,3,92.8333
198,26,0,50,30,-2.24,2,1,1,1,2,48,2,2,2,1,1,1,1.24,2.48,1.2096774,2,382.52,3,3,91.0694
199,26,0,50,300,-2.24,2,1,1,1,2,48,2,2,2,1,1,1,1.24,2.48,1.2096774,2,382.52,3,3,84.6182
200,26,0,50,3000,-2.24,2,1,1,1,2,48,2,2,2,1,1,1,1.24,2.48,1.2096774,2,382.52,3,3,58.0732
201,27,0,20,2,0.124,8,1,1,1,7,24,8,2,2,1,1,1,1.14,2.28,1.31578947,2,336.482,3,3,87.237
202,27,0,20,10,0.124,8,1,1,1,7,24,8,2,2,1,1,1,1.14,2.28,1.31578947,2,336.482,3,3,95.0442
203,27,0,20,50,0.124,8,1,1,1,7,24,8,2,2,1,1,1,1.14,2.28,1.31578947,2,336.482,3,3,90.1082
204,27,0,20,250,0.124,8,1,1,1,7,24,8,2,2,1,1,1,1.14,2.28,1.31578947,2,336.482,3,3,78.4464
205,27,0,20,1250,0.124,8,1,1,1,7,24,8,2,2,1,1,1,1.14,2.28,1.31578947,2,336.482,3,3,73.3333
206,27,0,20,2,0.124,8,1,1,1,7,24,2,2,2,1,1,1,1.14,2.28,1.31578947,2,336.482,3,3,93.4463
207,27,0,20,10,0.124,8,1,1,1,7,24,2,2,2,1,1,1,1.14,2.28,1.31578947,2,336.482,3,3,107.1292
208,27,0,20,50,0.124,8,1,1,1,7,24,2,2,2,1,1,1,1.14,2.28,1.31578947,2,336.482,3,3,109.4309
209,27,0,20,250,0.124,8,1,1,1,7,24,2,2,2,1,1,1,1.14,2.28,1.31578947,2,336.482,3,3,85.0064
210,27,0,20,1250,0.124,8,1,1,1,7,24,2,2,2,1,1,1,1.14,2.28,1.31578947,2,336.482,3,3,86.8606
211,27,0,20,2,0.124,8,1,1,1,7,48,8,2,2,1,1,1,1.14,2.28,1.31578947,2,336.482,3,3,179.5956
212,27,0,20,10,0.124,8,1,1,1,7,48,8,2,2,1,1,1,1.14,2.28,1.31578947,2,336.482,3,3,143.0063
213,27,0,20,50,0.124,8,1,1,1,7,48,8,2,2,1,1,1,1.14,2.28,1.31578947,2,336.482,3,3,183.826
214,27,0,20,250,0.124,8,1,1,1,7,48,8,2,2,1,1,1,1.14,2.28,1.31578947,2,336.482,3,3,163.1359
215,27,0,20,1250,0.124,8,1,1,1,7,48,8,2,2,1,1,1,1.14,2.28,1.31578947,2,336.482,3,3,99.2748
216,27,0,20,2,0.124,8,1,1,1,7,48,2,2,2,1,1,1,1.14,2.28,1.31578947,2,336.482,3,3,112.5214
217,27,0,20,10,0.124,8,1,1,1,7,48,2,2,2,1,1,1,1.14,2.28,1.31578947,2,336.482,3,3,113.7764
218,27,0,20,50,0.124,8,1,1,1,7,48,2,2,2,1,1,1,1.14,2.28,1.31578947,2,336.482,3,3,80.0627
219,27,0,20,250,0.124,8,1,1,1,7,48,2,2,2,1,1,1,1.14,2.28,1.31578947,2,336.482,3,3,80.1198
220,27,0,20,1250,0.124,8,1,1,1,7,48,2,2,2,1,1,1,1.14,2.28,1.31578947,2,336.482,3,3,76.3548
221,27,0,20,2,0.124,2,1,1,1,2,24,8,2,2,1,1,1,1.14,2.28,1.31578947,2,336.482,3,3,99.2903
222,27,0,20,10,0.124,2,1,1,1,2,24,8,2,2,1,1,1,1.14,2.28,1.31578947,2,336.482,3,3,94.9944
223,27,0,20,50,0.124,2,1,1,1,2,24,8,2,2,1,1,1,1.14,2.28,1.31578947,2,336.482,3,3,101.6623
224,27,0,20,250,0.124,2,1,1,1,2,24,8,2,2,1,1,1,1.14,2.28,1.31578947,2,336.482,3,3,93.2947
225,27,0,20,1250,0.124,2,1,1,1,2,24,8,2,2,1,1,1,1.14,2.28,1.31578947,2,336.482,3,3,82.2282
226,27,0,20,2,0.124,2,1,1,1,2,24,2,2,2,1,1,1,1.14,2.28,1.31578947,2,336.482,3,3,105.2039
227,27,0,20,10,0.124,2,1,1,1,2,24,2,2,2,1,1,1,1.14,2.28,1.31578947,2,336.482,3,3,111.8418
228,27,0,20,50,0.124,2,1,1,1,2,24,2,2,2,1,1,1,1.14,2.28,1.31578947,2,336.482,3,3,104.5278
229,27,0,20,250,0.124,2,1,1,1,2,24,2,2,2,1,1,1,1.14,2.28,1.31578947,2,336.482,3,3,91.6615
230,27,0,20,1250,0.124,2,1,1,1,2,24,2,2,2,1,1,1,1.14,2.28,1.31578947,2,336.482,3,3,103.1346
231,27,0,20,2,0.124,2,1,1,1,2,48,8,2,2,1,1,1,1.14,2.28,1.31578947,2,336.482,3,3,95.9131
232,27,0,20,10,0.124,2,1,1,1,2,48,8,2,2,1,1,1,1.14,2.28,1.31578947,2,336.482,3,3,97.6291
233,27,0,20,50,0.124,2,1,1,1,2,48,8,2,2,1,1,1,1.14,2.28,1.31578947,2,336.482,3,3,102.0358
234,27,0,20,250,0.124,2,1,1,1,2,48,8,2,2,1,1,1,1.14,2.28,1.31578947,2,336.482,3,3,96.9183
235,27,0,20,1250,0.124,2,1,1,1,2,48,8,2,2,1,1,1,1.14,2.28,1.31578947,2,336.482,3,3,77.6159
236,27,0,20,2,0.124,2,1,1,1,2,48,2,2,2,1,1,1,1.14,2.28,1.31578947,2,336.482,3,3,120.6981
237,27,0,20,10,0.124,2,1,1,1,2,48,2,2,2,1,1,1,1.14,2.28,1.31578947,2,336.482,3,3,96.4598
238,27,0,20,50,0.124,2,1,1,1,2,48,2,2,2,1,1,1,1.14,2.28,1.31578947,2,336.482,3,3,112.409
239,27,0,20,250,0.124,2,1,1,1,2,48,2,2,2,1,1,1,1.14,2.28,1.31578947,2,336.482,3,3,89.8139
240,27,0,20,1250,0.124,2,1,1,1,2,48,2,2,2,1,1,1,1.14,2.28,1.31578947,2,336.482,3,3,93.7338
